﻿<?xml version="1.0" encoding="utf-8"?>
<TextureAtlas imagePath="benjamin.png">
	<!-- Created with Adobe Animate version 21.0.12.42687 -->
	<!-- http://www.adobe.com/products/animate.html -->
	<SubTexture name="BF Dead Loop0000" x="1838" y="50" width="422" height="463" pivotX="-35.7" pivotY="-979.1"/>
	<SubTexture name="BF Dead Loop0001" x="2310" y="50" width="422" height="463"/>
	<SubTexture name="BF Dead Loop0002" x="2310" y="50" width="422" height="463"/>
	<SubTexture name="BF Dead Loop0003" x="2782" y="50" width="422" height="463"/>
	<SubTexture name="BF Dead Loop0004" x="2782" y="50" width="422" height="463"/>
	<SubTexture name="BF Dead Loop0005" x="3254" y="50" width="422" height="463"/>
	<SubTexture name="BF Dead Loop0006" x="3254" y="50" width="422" height="463"/>
	<SubTexture name="BF Dead Loop0007" x="3726" y="50" width="422" height="463"/>
	<SubTexture name="BF Dead Loop0008" x="4198" y="50" width="422" height="463"/>
	<SubTexture name="BF Dead Loop0009" x="4198" y="50" width="422" height="463"/>
	<SubTexture name="BF Dead Loop0010" x="4198" y="50" width="422" height="463"/>
	<SubTexture name="BF Dead Loop0011" x="4198" y="50" width="422" height="463"/>
	<SubTexture name="BF Dead Loop0012" x="4198" y="50" width="422" height="463"/>
	<SubTexture name="BF Dead Loop0013" x="4198" y="50" width="422" height="463"/>
	<SubTexture name="BF Dead Loop0014" x="4198" y="50" width="422" height="463"/>
	<SubTexture name="BF Dead Loop0015" x="4198" y="50" width="422" height="463"/>
	<SubTexture name="BF Dead Loop0016" x="4198" y="50" width="422" height="463"/>
	<SubTexture name="BF Dead Loop0017" x="1838" y="50" width="422" height="463"/>
	<SubTexture name="BF Dead Loop0018" x="2310" y="50" width="422" height="463"/>
	<SubTexture name="BF Dead Loop0019" x="2310" y="50" width="422" height="463"/>
	<SubTexture name="BF Dead Loop0020" x="2782" y="50" width="422" height="463"/>
	<SubTexture name="BF Dead Loop0021" x="2782" y="50" width="422" height="463"/>
	<SubTexture name="BF Dead Loop0022" x="3254" y="50" width="422" height="463"/>
	<SubTexture name="BF Dead Loop0023" x="3254" y="50" width="422" height="463"/>
	<SubTexture name="BF Dead Loop0024" x="4198" y="50" width="422" height="463"/>
	<SubTexture name="BF Dead Loop0025" x="4198" y="50" width="422" height="463"/>
	<SubTexture name="BF Dead Loop0026" x="4198" y="50" width="422" height="463"/>
	<SubTexture name="BF Dead Loop0027" x="4198" y="50" width="422" height="463"/>
	<SubTexture name="BF Dead Loop0028" x="4198" y="50" width="422" height="463"/>
	<SubTexture name="BF Dead Loop0029" x="4198" y="50" width="422" height="463"/>
	<SubTexture name="BF Dead Loop0030" x="3726" y="50" width="422" height="463"/>
	<SubTexture name="BF Dead Loop0031" x="4198" y="50" width="422" height="463"/>
	<SubTexture name="BF Dead Loop0032" x="4198" y="50" width="422" height="463"/>
	<SubTexture name="BF Dead Loop0033" x="4198" y="50" width="422" height="463"/>
	<SubTexture name="BF Dead confirm0000" x="4670" y="50" width="423" height="463" pivotX="-35.7" pivotY="-934.9" frameX="0" frameY="-45" frameWidth="439" frameHeight="508"/>
	<SubTexture name="BF Dead confirm0001" x="5143" y="50" width="423" height="478" frameX="0" frameY="-30" frameWidth="439" frameHeight="508"/>
	<SubTexture name="BF Dead confirm0002" x="5616" y="50" width="423" height="508" frameX="0" frameY="0" frameWidth="439" frameHeight="508"/>
	<SubTexture name="BF Dead confirm0003" x="6089" y="50" width="423" height="478" frameX="0" frameY="-30" frameWidth="439" frameHeight="508"/>
	<SubTexture name="BF Dead confirm0004" x="6562" y="50" width="423" height="478" frameX="0" frameY="-30" frameWidth="439" frameHeight="508"/>
	<SubTexture name="BF Dead confirm0005" x="7035" y="50" width="423" height="478" frameX="0" frameY="-30" frameWidth="439" frameHeight="508"/>
	<SubTexture name="BF Dead confirm0006" x="7508" y="50" width="423" height="478" frameX="0" frameY="-30" frameWidth="439" frameHeight="508"/>
	<SubTexture name="BF Dead confirm0007" x="50" y="608" width="423" height="478" frameX="0" frameY="-30" frameWidth="439" frameHeight="508"/>
	<SubTexture name="BF Dead confirm0008" x="523" y="608" width="423" height="478" frameX="0" frameY="-30" frameWidth="439" frameHeight="508"/>
	<SubTexture name="BF Dead confirm0009" x="996" y="608" width="423" height="478" frameX="0" frameY="-30" frameWidth="439" frameHeight="508"/>
	<SubTexture name="BF Dead confirm0010" x="1469" y="608" width="423" height="478" frameX="0" frameY="-30" frameWidth="439" frameHeight="508"/>
	<SubTexture name="BF Dead confirm0011" x="1942" y="608" width="423" height="478" frameX="0" frameY="-30" frameWidth="439" frameHeight="508"/>
	<SubTexture name="BF Dead confirm0012" x="2415" y="608" width="423" height="478" frameX="0" frameY="-30" frameWidth="439" frameHeight="508"/>
	<SubTexture name="BF Dead confirm0013" x="2888" y="608" width="423" height="478" frameX="0" frameY="-30" frameWidth="439" frameHeight="508"/>
	<SubTexture name="BF Dead confirm0014" x="3361" y="608" width="425" height="478" frameX="0" frameY="-30" frameWidth="439" frameHeight="508"/>
	<SubTexture name="BF Dead confirm0015" x="3836" y="608" width="427" height="478" frameX="0" frameY="-30" frameWidth="439" frameHeight="508"/>
	<SubTexture name="BF Dead confirm0016" x="4313" y="608" width="430" height="478" frameX="0" frameY="-30" frameWidth="439" frameHeight="508"/>
	<SubTexture name="BF Dead confirm0017" x="4793" y="608" width="431" height="478" frameX="0" frameY="-30" frameWidth="439" frameHeight="508"/>
	<SubTexture name="BF Dead confirm0018" x="5274" y="608" width="433" height="478" frameX="0" frameY="-30" frameWidth="439" frameHeight="508"/>
	<SubTexture name="BF Dead confirm0019" x="5757" y="608" width="435" height="478" frameX="0" frameY="-30" frameWidth="439" frameHeight="508"/>
	<SubTexture name="BF Dead confirm0020" x="6242" y="608" width="436" height="478" frameX="0" frameY="-30" frameWidth="439" frameHeight="508"/>
	<SubTexture name="BF Dead confirm0021" x="6728" y="608" width="437" height="478" frameX="0" frameY="-30" frameWidth="439" frameHeight="508"/>
	<SubTexture name="BF Dead confirm0022" x="7215" y="608" width="438" height="478" frameX="0" frameY="-30" frameWidth="439" frameHeight="508"/>
	<SubTexture name="BF Dead confirm0023" x="7703" y="608" width="438" height="478" frameX="0" frameY="-30" frameWidth="439" frameHeight="508"/>
	<SubTexture name="BF Dead confirm0024" x="7703" y="608" width="438" height="478" frameX="0" frameY="-30" frameWidth="439" frameHeight="508"/>
	<SubTexture name="BF Dead confirm0025" x="7703" y="608" width="438" height="478" frameX="0" frameY="-30" frameWidth="439" frameHeight="508"/>
	<SubTexture name="BF Dead confirm0026" x="7703" y="608" width="438" height="478" frameX="0" frameY="-30" frameWidth="439" frameHeight="508"/>
	<SubTexture name="BF Dead confirm0027" x="7703" y="608" width="438" height="478" frameX="0" frameY="-30" frameWidth="439" frameHeight="508"/>
	<SubTexture name="BF Dead confirm0028" x="7703" y="608" width="438" height="478" frameX="0" frameY="-30" frameWidth="439" frameHeight="508"/>
	<SubTexture name="BF Dead confirm0029" x="7703" y="608" width="438" height="478" frameX="0" frameY="-30" frameWidth="439" frameHeight="508"/>
	<SubTexture name="BF Dead confirm0030" x="7703" y="608" width="438" height="478" frameX="0" frameY="-30" frameWidth="439" frameHeight="508"/>
	<SubTexture name="BF Dead confirm0031" x="7703" y="608" width="438" height="478" frameX="0" frameY="-30" frameWidth="439" frameHeight="508"/>
	<SubTexture name="BF Dead confirm0032" x="7703" y="608" width="438" height="478" frameX="0" frameY="-30" frameWidth="439" frameHeight="508"/>
	<SubTexture name="BF Dead confirm0033" x="7703" y="608" width="438" height="478" frameX="0" frameY="-30" frameWidth="439" frameHeight="508"/>
	<SubTexture name="BF HEY 20000" x="50" y="1136" width="437" height="459" pivotX="-300.15" pivotY="230.75" frameX="-5" frameY="0" frameWidth="452" frameHeight="459"/>
	<SubTexture name="BF HEY 20001" x="50" y="1136" width="437" height="459" frameX="-5" frameY="0" frameWidth="452" frameHeight="459"/>
	<SubTexture name="BF HEY 20002" x="537" y="1136" width="452" height="432" frameX="0" frameY="-20" frameWidth="452" frameHeight="459"/>
	<SubTexture name="BF HEY 20003" x="537" y="1136" width="452" height="432" frameX="0" frameY="-20" frameWidth="452" frameHeight="459"/>
	<SubTexture name="BF HEY 20004" x="1039" y="1136" width="442" height="440" frameX="-5" frameY="-13" frameWidth="452" frameHeight="459"/>
	<SubTexture name="BF HEY 20005" x="1039" y="1136" width="442" height="440" frameX="-5" frameY="-13" frameWidth="452" frameHeight="459"/>
	<SubTexture name="BF HEY 20006" x="1531" y="1136" width="442" height="440" frameX="-5" frameY="-13" frameWidth="452" frameHeight="459"/>
	<SubTexture name="BF HEY 20007" x="1531" y="1136" width="442" height="440" frameX="-5" frameY="-13" frameWidth="452" frameHeight="459"/>
	<SubTexture name="BF HEY 20008" x="1039" y="1136" width="442" height="440" frameX="-5" frameY="-13" frameWidth="452" frameHeight="459"/>
	<SubTexture name="BF HEY 20009" x="1039" y="1136" width="442" height="440" frameX="-5" frameY="-13" frameWidth="452" frameHeight="459"/>
	<SubTexture name="BF HEY 20010" x="1531" y="1136" width="442" height="440" frameX="-5" frameY="-13" frameWidth="452" frameHeight="459"/>
	<SubTexture name="BF HEY 20011" x="1531" y="1136" width="442" height="440" frameX="-5" frameY="-13" frameWidth="452" frameHeight="459"/>
	<SubTexture name="BF HEY 20012" x="1039" y="1136" width="442" height="440" frameX="-5" frameY="-13" frameWidth="452" frameHeight="459"/>
	<SubTexture name="BF HEY 20013" x="1039" y="1136" width="442" height="440" frameX="-5" frameY="-13" frameWidth="452" frameHeight="459"/>
	<SubTexture name="BF HEY 20014" x="1531" y="1136" width="442" height="440" frameX="-5" frameY="-13" frameWidth="452" frameHeight="459"/>
	<SubTexture name="BF HEY 20015" x="1531" y="1136" width="442" height="440" frameX="-5" frameY="-13" frameWidth="452" frameHeight="459"/>
	<SubTexture name="BF HEY 20016" x="1039" y="1136" width="442" height="440" frameX="-5" frameY="-13" frameWidth="452" frameHeight="459"/>
	<SubTexture name="BF HEY 20017" x="1039" y="1136" width="442" height="440" frameX="-5" frameY="-13" frameWidth="452" frameHeight="459"/>
	<SubTexture name="BF HEY 20018" x="1531" y="1136" width="442" height="440" frameX="-5" frameY="-13" frameWidth="452" frameHeight="459"/>
	<SubTexture name="BF HEY 20019" x="1531" y="1136" width="442" height="440" frameX="-5" frameY="-13" frameWidth="452" frameHeight="459"/>
	<SubTexture name="BF HEY 20020" x="1039" y="1136" width="442" height="440" frameX="-5" frameY="-13" frameWidth="452" frameHeight="459"/>
	<SubTexture name="BF HEY 20021" x="1039" y="1136" width="442" height="440" frameX="-5" frameY="-13" frameWidth="452" frameHeight="459"/>
	<SubTexture name="BF HEY 20022" x="1531" y="1136" width="442" height="440" frameX="-5" frameY="-13" frameWidth="452" frameHeight="459"/>
	<SubTexture name="BF HEY 20023" x="1531" y="1136" width="442" height="440" frameX="-5" frameY="-13" frameWidth="452" frameHeight="459"/>
	<SubTexture name="BF HEY 20024" x="1039" y="1136" width="442" height="440" frameX="-5" frameY="-13" frameWidth="452" frameHeight="459"/>
	<SubTexture name="BF HEY 20025" x="1039" y="1136" width="442" height="440" frameX="-5" frameY="-13" frameWidth="452" frameHeight="459"/>
	<SubTexture name="BF HEY!!0000" x="50" y="50" width="400" height="434" pivotX="-292.95" pivotY="223.75" frameX="0" frameY="-1" frameWidth="401" frameHeight="435"/>
	<SubTexture name="BF HEY!!0001" x="50" y="50" width="400" height="434" frameX="0" frameY="-1" frameWidth="401" frameHeight="435"/>
	<SubTexture name="BF HEY!!0002" x="50" y="50" width="400" height="434" frameX="0" frameY="-1" frameWidth="401" frameHeight="435"/>
	<SubTexture name="BF HEY!!0003" x="500" y="50" width="396" height="435" frameX="-5" frameY="0" frameWidth="401" frameHeight="435"/>
	<SubTexture name="BF HEY!!0004" x="500" y="50" width="396" height="435" frameX="-5" frameY="0" frameWidth="401" frameHeight="435"/>
	<SubTexture name="BF HEY!!0005" x="500" y="50" width="396" height="435" frameX="-5" frameY="0" frameWidth="401" frameHeight="435"/>
	<SubTexture name="BF HEY!!0006" x="946" y="50" width="396" height="435" frameX="-5" frameY="0" frameWidth="401" frameHeight="435"/>
	<SubTexture name="BF HEY!!0007" x="946" y="50" width="396" height="435" frameX="-5" frameY="0" frameWidth="401" frameHeight="435"/>
	<SubTexture name="BF HEY!!0008" x="946" y="50" width="396" height="435" frameX="-5" frameY="0" frameWidth="401" frameHeight="435"/>
	<SubTexture name="BF HEY!!0009" x="500" y="50" width="396" height="435" frameX="-5" frameY="0" frameWidth="401" frameHeight="435"/>
	<SubTexture name="BF HEY!!0010" x="500" y="50" width="396" height="435" frameX="-5" frameY="0" frameWidth="401" frameHeight="435"/>
	<SubTexture name="BF HEY!!0011" x="500" y="50" width="396" height="435" frameX="-5" frameY="0" frameWidth="401" frameHeight="435"/>
	<SubTexture name="BF HEY!!0012" x="1392" y="50" width="396" height="435" frameX="-5" frameY="0" frameWidth="401" frameHeight="435"/>
	<SubTexture name="BF HEY!!0013" x="1392" y="50" width="396" height="435" frameX="-5" frameY="0" frameWidth="401" frameHeight="435"/>
	<SubTexture name="BF HEY!!0014" x="1392" y="50" width="396" height="435" frameX="-5" frameY="0" frameWidth="401" frameHeight="435"/>
	<SubTexture name="BF HEY!!0015" x="500" y="50" width="396" height="435" frameX="-5" frameY="0" frameWidth="401" frameHeight="435"/>
	<SubTexture name="BF HEY!!0016" x="500" y="50" width="396" height="435" frameX="-5" frameY="0" frameWidth="401" frameHeight="435"/>
	<SubTexture name="BF HEY!!0017" x="500" y="50" width="396" height="435" frameX="-5" frameY="0" frameWidth="401" frameHeight="435"/>
	<SubTexture name="BF HEY!!0018" x="1392" y="50" width="396" height="435" frameX="-5" frameY="0" frameWidth="401" frameHeight="435"/>
	<SubTexture name="BF HEY!!0019" x="1392" y="50" width="396" height="435" frameX="-5" frameY="0" frameWidth="401" frameHeight="435"/>
	<SubTexture name="BF HEY!!0020" x="1392" y="50" width="396" height="435" frameX="-5" frameY="0" frameWidth="401" frameHeight="435"/>
	<SubTexture name="BF HEY!!0021" x="500" y="50" width="396" height="435" frameX="-5" frameY="0" frameWidth="401" frameHeight="435"/>
	<SubTexture name="BF HEY!!0022" x="500" y="50" width="396" height="435" frameX="-5" frameY="0" frameWidth="401" frameHeight="435"/>
	<SubTexture name="BF HEY!!0023" x="500" y="50" width="396" height="435" frameX="-5" frameY="0" frameWidth="401" frameHeight="435"/>
	<SubTexture name="BF HEY!!0024" x="500" y="50" width="396" height="435" frameX="-5" frameY="0" frameWidth="401" frameHeight="435"/>
	<SubTexture name="BF HEY!!0025" x="500" y="50" width="396" height="435" frameX="-5" frameY="0" frameWidth="401" frameHeight="435"/>
	<SubTexture name="BF NOTE DOWN0000" x="2023" y="1136" width="398" height="379" pivotX="12.25" pivotY="10.6" frameX="0" frameY="-5" frameWidth="398" frameHeight="384"/>
	<SubTexture name="BF NOTE DOWN0001" x="2023" y="1136" width="398" height="379" frameX="0" frameY="-5" frameWidth="398" frameHeight="384"/>
	<SubTexture name="BF NOTE DOWN0002" x="2471" y="1136" width="387" height="384" frameX="-7" frameY="0" frameWidth="398" frameHeight="384"/>
	<SubTexture name="BF NOTE DOWN0003" x="2471" y="1136" width="387" height="384" frameX="-7" frameY="0" frameWidth="398" frameHeight="384"/>
	<SubTexture name="BF NOTE DOWN0004" x="2471" y="1136" width="387" height="384" frameX="-7" frameY="0" frameWidth="398" frameHeight="384"/>
	<SubTexture name="BF NOTE DOWN0005" x="2471" y="1136" width="387" height="384" frameX="-7" frameY="0" frameWidth="398" frameHeight="384"/>
	<SubTexture name="BF NOTE DOWN0006" x="2471" y="1136" width="387" height="384" frameX="-7" frameY="0" frameWidth="398" frameHeight="384"/>
	<SubTexture name="BF NOTE DOWN0007" x="2471" y="1136" width="387" height="384" frameX="-7" frameY="0" frameWidth="398" frameHeight="384"/>
	<SubTexture name="BF NOTE DOWN0008" x="2471" y="1136" width="387" height="384" frameX="-7" frameY="0" frameWidth="398" frameHeight="384"/>
	<SubTexture name="BF NOTE DOWN0009" x="2471" y="1136" width="387" height="384" frameX="-7" frameY="0" frameWidth="398" frameHeight="384"/>
	<SubTexture name="BF NOTE DOWN0010" x="2471" y="1136" width="387" height="384" frameX="-7" frameY="0" frameWidth="398" frameHeight="384"/>
	<SubTexture name="BF NOTE DOWN0011" x="2471" y="1136" width="387" height="384" frameX="-7" frameY="0" frameWidth="398" frameHeight="384"/>
	<SubTexture name="BF NOTE DOWN0012" x="2471" y="1136" width="387" height="384" frameX="-7" frameY="0" frameWidth="398" frameHeight="384"/>
	<SubTexture name="BF NOTE DOWN0013" x="2471" y="1136" width="387" height="384" frameX="-7" frameY="0" frameWidth="398" frameHeight="384"/>
	<SubTexture name="BF NOTE DOWN0014" x="2471" y="1136" width="387" height="384" frameX="-7" frameY="0" frameWidth="398" frameHeight="384"/>
	<SubTexture name="BF NOTE DOWN0015" x="2471" y="1136" width="387" height="384" frameX="-7" frameY="0" frameWidth="398" frameHeight="384"/>
	<SubTexture name="BF NOTE DOWN0016" x="2471" y="1136" width="387" height="384" frameX="-7" frameY="0" frameWidth="398" frameHeight="384"/>
	<SubTexture name="BF NOTE DOWN0017" x="2471" y="1136" width="387" height="384" frameX="-7" frameY="0" frameWidth="398" frameHeight="384"/>
	<SubTexture name="BF NOTE DOWN0018" x="2471" y="1136" width="387" height="384" frameX="-7" frameY="0" frameWidth="398" frameHeight="384"/>
	<SubTexture name="BF NOTE DOWN0019" x="2471" y="1136" width="387" height="384" frameX="-7" frameY="0" frameWidth="398" frameHeight="384"/>
	<SubTexture name="BF NOTE DOWN0020" x="2471" y="1136" width="387" height="384" frameX="-7" frameY="0" frameWidth="398" frameHeight="384"/>
	<SubTexture name="BF NOTE DOWN0021" x="2471" y="1136" width="387" height="384" frameX="-7" frameY="0" frameWidth="398" frameHeight="384"/>
	<SubTexture name="BF NOTE DOWN0022" x="2471" y="1136" width="387" height="384" frameX="-7" frameY="0" frameWidth="398" frameHeight="384"/>
	<SubTexture name="BF NOTE DOWN0023" x="2471" y="1136" width="387" height="384" frameX="-7" frameY="0" frameWidth="398" frameHeight="384"/>
	<SubTexture name="BF NOTE DOWN0024" x="2471" y="1136" width="387" height="384" frameX="-7" frameY="0" frameWidth="398" frameHeight="384"/>
	<SubTexture name="BF NOTE DOWN0025" x="2471" y="1136" width="387" height="384" frameX="-7" frameY="0" frameWidth="398" frameHeight="384"/>
	<SubTexture name="BF NOTE DOWN0026" x="2471" y="1136" width="387" height="384" frameX="-7" frameY="0" frameWidth="398" frameHeight="384"/>
	<SubTexture name="BF NOTE DOWN0027" x="2471" y="1136" width="387" height="384" frameX="-7" frameY="0" frameWidth="398" frameHeight="384"/>
	<SubTexture name="BF NOTE DOWN0028" x="2471" y="1136" width="387" height="384" frameX="-7" frameY="0" frameWidth="398" frameHeight="384"/>
	<SubTexture name="BF NOTE DOWN0029" x="2471" y="1136" width="387" height="384" frameX="-7" frameY="0" frameWidth="398" frameHeight="384"/>
	<SubTexture name="BF NOTE DOWN MISS0000" x="2908" y="1136" width="398" height="379" pivotX="12.25" pivotY="19.7" frameX="0" frameY="-14" frameWidth="398" frameHeight="393"/>
	<SubTexture name="BF NOTE DOWN MISS0001" x="2908" y="1136" width="398" height="379" frameX="0" frameY="-14" frameWidth="398" frameHeight="393"/>
	<SubTexture name="BF NOTE DOWN MISS0002" x="3356" y="1136" width="376" height="393" frameX="-12" frameY="0" frameWidth="398" frameHeight="393"/>
	<SubTexture name="BF NOTE DOWN MISS0003" x="3356" y="1136" width="376" height="393" frameX="-12" frameY="0" frameWidth="398" frameHeight="393"/>
	<SubTexture name="BF NOTE DOWN MISS0004" x="3782" y="1136" width="387" height="384" frameX="-7" frameY="-9" frameWidth="398" frameHeight="393"/>
	<SubTexture name="BF NOTE DOWN MISS0005" x="3782" y="1136" width="387" height="384" frameX="-7" frameY="-9" frameWidth="398" frameHeight="393"/>
	<SubTexture name="BF NOTE DOWN MISS0006" x="3782" y="1136" width="387" height="384" frameX="-7" frameY="-9" frameWidth="398" frameHeight="393"/>
	<SubTexture name="BF NOTE DOWN MISS0007" x="3782" y="1136" width="387" height="384" frameX="-7" frameY="-9" frameWidth="398" frameHeight="393"/>
	<SubTexture name="BF NOTE DOWN MISS0008" x="3782" y="1136" width="387" height="384" frameX="-7" frameY="-9" frameWidth="398" frameHeight="393"/>
	<SubTexture name="BF NOTE DOWN MISS0009" x="3782" y="1136" width="387" height="384" frameX="-7" frameY="-9" frameWidth="398" frameHeight="393"/>
	<SubTexture name="BF NOTE DOWN MISS0010" x="3782" y="1136" width="387" height="384" frameX="-7" frameY="-9" frameWidth="398" frameHeight="393"/>
	<SubTexture name="BF NOTE DOWN MISS0011" x="3782" y="1136" width="387" height="384" frameX="-7" frameY="-9" frameWidth="398" frameHeight="393"/>
	<SubTexture name="BF NOTE DOWN MISS0012" x="3782" y="1136" width="387" height="384" frameX="-7" frameY="-9" frameWidth="398" frameHeight="393"/>
	<SubTexture name="BF NOTE DOWN MISS0013" x="3782" y="1136" width="387" height="384" frameX="-7" frameY="-9" frameWidth="398" frameHeight="393"/>
	<SubTexture name="BF NOTE DOWN MISS0014" x="3782" y="1136" width="387" height="384" frameX="-7" frameY="-9" frameWidth="398" frameHeight="393"/>
	<SubTexture name="BF NOTE DOWN MISS0015" x="3782" y="1136" width="387" height="384" frameX="-7" frameY="-9" frameWidth="398" frameHeight="393"/>
	<SubTexture name="BF NOTE DOWN MISS0016" x="3782" y="1136" width="387" height="384" frameX="-7" frameY="-9" frameWidth="398" frameHeight="393"/>
	<SubTexture name="BF NOTE DOWN MISS0017" x="3782" y="1136" width="387" height="384" frameX="-7" frameY="-9" frameWidth="398" frameHeight="393"/>
	<SubTexture name="BF NOTE DOWN MISS0018" x="3782" y="1136" width="387" height="384" frameX="-7" frameY="-9" frameWidth="398" frameHeight="393"/>
	<SubTexture name="BF NOTE DOWN MISS0019" x="3782" y="1136" width="387" height="384" frameX="-7" frameY="-9" frameWidth="398" frameHeight="393"/>
	<SubTexture name="BF NOTE DOWN MISS0020" x="3782" y="1136" width="387" height="384" frameX="-7" frameY="-9" frameWidth="398" frameHeight="393"/>
	<SubTexture name="BF NOTE DOWN MISS0021" x="3782" y="1136" width="387" height="384" frameX="-7" frameY="-9" frameWidth="398" frameHeight="393"/>
	<SubTexture name="BF NOTE DOWN MISS0022" x="3782" y="1136" width="387" height="384" frameX="-7" frameY="-9" frameWidth="398" frameHeight="393"/>
	<SubTexture name="BF NOTE DOWN MISS0023" x="3782" y="1136" width="387" height="384" frameX="-7" frameY="-9" frameWidth="398" frameHeight="393"/>
	<SubTexture name="BF NOTE DOWN MISS0024" x="3782" y="1136" width="387" height="384" frameX="-7" frameY="-9" frameWidth="398" frameHeight="393"/>
	<SubTexture name="BF NOTE DOWN MISS0025" x="3782" y="1136" width="387" height="384" frameX="-7" frameY="-9" frameWidth="398" frameHeight="393"/>
	<SubTexture name="BF NOTE DOWN MISS0026" x="3782" y="1136" width="387" height="384" frameX="-7" frameY="-9" frameWidth="398" frameHeight="393"/>
	<SubTexture name="BF NOTE DOWN MISS0027" x="3782" y="1136" width="387" height="384" frameX="-7" frameY="-9" frameWidth="398" frameHeight="393"/>
	<SubTexture name="BF NOTE DOWN MISS0028" x="3782" y="1136" width="387" height="384" frameX="-7" frameY="-9" frameWidth="398" frameHeight="393"/>
	<SubTexture name="BF NOTE DOWN MISS0029" x="3782" y="1136" width="387" height="384" frameX="-7" frameY="-9" frameWidth="398" frameHeight="393"/>
	<SubTexture name="BF NOTE LEFT0000" x="4219" y="1136" width="401" height="429" pivotX="-270.7" pivotY="217.2" frameX="0" frameY="0" frameWidth="402" frameHeight="429"/>
	<SubTexture name="BF NOTE LEFT0001" x="4219" y="1136" width="401" height="429" frameX="0" frameY="0" frameWidth="402" frameHeight="429"/>
	<SubTexture name="BF NOTE LEFT0002" x="4670" y="1136" width="383" height="427" frameX="-19" frameY="-2" frameWidth="402" frameHeight="429"/>
	<SubTexture name="BF NOTE LEFT0003" x="4670" y="1136" width="383" height="427" frameX="-19" frameY="-2" frameWidth="402" frameHeight="429"/>
	<SubTexture name="BF NOTE LEFT0004" x="4670" y="1136" width="383" height="427" frameX="-19" frameY="-2" frameWidth="402" frameHeight="429"/>
	<SubTexture name="BF NOTE LEFT0005" x="4670" y="1136" width="383" height="427" frameX="-19" frameY="-2" frameWidth="402" frameHeight="429"/>
	<SubTexture name="BF NOTE LEFT0006" x="4670" y="1136" width="383" height="427" frameX="-19" frameY="-2" frameWidth="402" frameHeight="429"/>
	<SubTexture name="BF NOTE LEFT0007" x="4670" y="1136" width="383" height="427" frameX="-19" frameY="-2" frameWidth="402" frameHeight="429"/>
	<SubTexture name="BF NOTE LEFT0008" x="4670" y="1136" width="383" height="427" frameX="-19" frameY="-2" frameWidth="402" frameHeight="429"/>
	<SubTexture name="BF NOTE LEFT0009" x="4670" y="1136" width="383" height="427" frameX="-19" frameY="-2" frameWidth="402" frameHeight="429"/>
	<SubTexture name="BF NOTE LEFT0010" x="4670" y="1136" width="383" height="427" frameX="-19" frameY="-2" frameWidth="402" frameHeight="429"/>
	<SubTexture name="BF NOTE LEFT0011" x="4670" y="1136" width="383" height="427" frameX="-19" frameY="-2" frameWidth="402" frameHeight="429"/>
	<SubTexture name="BF NOTE LEFT0012" x="4670" y="1136" width="383" height="427" frameX="-19" frameY="-2" frameWidth="402" frameHeight="429"/>
	<SubTexture name="BF NOTE LEFT0013" x="4670" y="1136" width="383" height="427" frameX="-19" frameY="-2" frameWidth="402" frameHeight="429"/>
	<SubTexture name="BF NOTE LEFT0014" x="4670" y="1136" width="383" height="427" frameX="-19" frameY="-2" frameWidth="402" frameHeight="429"/>
	<SubTexture name="BF NOTE LEFT MISS0000" x="5103" y="1136" width="401" height="429" pivotX="-270.7" pivotY="217.2" frameX="0" frameY="0" frameWidth="403" frameHeight="429"/>
	<SubTexture name="BF NOTE LEFT MISS0001" x="5103" y="1136" width="401" height="429" frameX="0" frameY="0" frameWidth="403" frameHeight="429"/>
	<SubTexture name="BF NOTE LEFT MISS0002" x="5554" y="1136" width="374" height="427" frameX="-29" frameY="-2" frameWidth="403" frameHeight="429"/>
	<SubTexture name="BF NOTE LEFT MISS0003" x="5554" y="1136" width="374" height="427" frameX="-29" frameY="-2" frameWidth="403" frameHeight="429"/>
	<SubTexture name="BF NOTE LEFT MISS0004" x="5978" y="1136" width="383" height="427" frameX="-19" frameY="-2" frameWidth="403" frameHeight="429"/>
	<SubTexture name="BF NOTE LEFT MISS0005" x="5978" y="1136" width="383" height="427" frameX="-19" frameY="-2" frameWidth="403" frameHeight="429"/>
	<SubTexture name="BF NOTE LEFT MISS0006" x="5978" y="1136" width="383" height="427" frameX="-19" frameY="-2" frameWidth="403" frameHeight="429"/>
	<SubTexture name="BF NOTE LEFT MISS0007" x="5978" y="1136" width="383" height="427" frameX="-19" frameY="-2" frameWidth="403" frameHeight="429"/>
	<SubTexture name="BF NOTE LEFT MISS0008" x="5978" y="1136" width="383" height="427" frameX="-19" frameY="-2" frameWidth="403" frameHeight="429"/>
	<SubTexture name="BF NOTE LEFT MISS0009" x="5978" y="1136" width="383" height="427" frameX="-19" frameY="-2" frameWidth="403" frameHeight="429"/>
	<SubTexture name="BF NOTE LEFT MISS0010" x="5978" y="1136" width="383" height="427" frameX="-19" frameY="-2" frameWidth="403" frameHeight="429"/>
	<SubTexture name="BF NOTE LEFT MISS0011" x="5978" y="1136" width="383" height="427" frameX="-19" frameY="-2" frameWidth="403" frameHeight="429"/>
	<SubTexture name="BF NOTE LEFT MISS0012" x="5978" y="1136" width="383" height="427" frameX="-19" frameY="-2" frameWidth="403" frameHeight="429"/>
	<SubTexture name="BF NOTE LEFT MISS0013" x="5978" y="1136" width="383" height="427" frameX="-19" frameY="-2" frameWidth="403" frameHeight="429"/>
	<SubTexture name="BF NOTE LEFT MISS0014" x="5978" y="1136" width="383" height="427" frameX="-19" frameY="-2" frameWidth="403" frameHeight="429"/>
	<SubTexture name="BF NOTE RIGHT0000" x="6411" y="1136" width="390" height="427" pivotX="-340.15" pivotY="218.55" frameX="0" frameY="-3" frameWidth="390" frameHeight="430"/>
	<SubTexture name="BF NOTE RIGHT0001" x="6411" y="1136" width="390" height="427" frameX="0" frameY="-3" frameWidth="390" frameHeight="430"/>
	<SubTexture name="BF NOTE RIGHT0002" x="6851" y="1136" width="389" height="430" frameX="0" frameY="0" frameWidth="390" frameHeight="430"/>
	<SubTexture name="BF NOTE RIGHT0003" x="6851" y="1136" width="389" height="430" frameX="0" frameY="0" frameWidth="390" frameHeight="430"/>
	<SubTexture name="BF NOTE RIGHT0004" x="6851" y="1136" width="389" height="430" frameX="0" frameY="0" frameWidth="390" frameHeight="430"/>
	<SubTexture name="BF NOTE RIGHT0005" x="6851" y="1136" width="389" height="430" frameX="0" frameY="0" frameWidth="390" frameHeight="430"/>
	<SubTexture name="BF NOTE RIGHT0006" x="6851" y="1136" width="389" height="430" frameX="0" frameY="0" frameWidth="390" frameHeight="430"/>
	<SubTexture name="BF NOTE RIGHT0007" x="6851" y="1136" width="389" height="430" frameX="0" frameY="0" frameWidth="390" frameHeight="430"/>
	<SubTexture name="BF NOTE RIGHT0008" x="6851" y="1136" width="389" height="430" frameX="0" frameY="0" frameWidth="390" frameHeight="430"/>
	<SubTexture name="BF NOTE RIGHT0009" x="6851" y="1136" width="389" height="430" frameX="0" frameY="0" frameWidth="390" frameHeight="430"/>
	<SubTexture name="BF NOTE RIGHT0010" x="6851" y="1136" width="389" height="430" frameX="0" frameY="0" frameWidth="390" frameHeight="430"/>
	<SubTexture name="BF NOTE RIGHT0011" x="6851" y="1136" width="389" height="430" frameX="0" frameY="0" frameWidth="390" frameHeight="430"/>
	<SubTexture name="BF NOTE RIGHT0012" x="6851" y="1136" width="389" height="430" frameX="0" frameY="0" frameWidth="390" frameHeight="430"/>
	<SubTexture name="BF NOTE RIGHT0013" x="6851" y="1136" width="389" height="430" frameX="0" frameY="0" frameWidth="390" frameHeight="430"/>
	<SubTexture name="BF NOTE RIGHT0014" x="6851" y="1136" width="389" height="430" frameX="0" frameY="0" frameWidth="390" frameHeight="430"/>
	<SubTexture name="BF NOTE RIGHT0015" x="6851" y="1136" width="389" height="430" frameX="0" frameY="0" frameWidth="390" frameHeight="430"/>
	<SubTexture name="BF NOTE RIGHT0016" x="6851" y="1136" width="389" height="430" frameX="0" frameY="0" frameWidth="390" frameHeight="430"/>
	<SubTexture name="BF NOTE RIGHT0017" x="6851" y="1136" width="389" height="430" frameX="0" frameY="0" frameWidth="390" frameHeight="430"/>
	<SubTexture name="BF NOTE RIGHT0018" x="6851" y="1136" width="389" height="430" frameX="0" frameY="0" frameWidth="390" frameHeight="430"/>
	<SubTexture name="BF NOTE RIGHT0019" x="6851" y="1136" width="389" height="430" frameX="0" frameY="0" frameWidth="390" frameHeight="430"/>
	<SubTexture name="BF NOTE RIGHT0020" x="6851" y="1136" width="389" height="430" frameX="0" frameY="0" frameWidth="390" frameHeight="430"/>
	<SubTexture name="BF NOTE RIGHT0021" x="6851" y="1136" width="389" height="430" frameX="0" frameY="0" frameWidth="390" frameHeight="430"/>
	<SubTexture name="BF NOTE RIGHT0022" x="6851" y="1136" width="389" height="430" frameX="0" frameY="0" frameWidth="390" frameHeight="430"/>
	<SubTexture name="BF NOTE RIGHT0023" x="6851" y="1136" width="389" height="430" frameX="0" frameY="0" frameWidth="390" frameHeight="430"/>
	<SubTexture name="BF NOTE RIGHT0024" x="6851" y="1136" width="389" height="430" frameX="0" frameY="0" frameWidth="390" frameHeight="430"/>
	<SubTexture name="BF NOTE RIGHT0025" x="6851" y="1136" width="389" height="430" frameX="0" frameY="0" frameWidth="390" frameHeight="430"/>
	<SubTexture name="BF NOTE RIGHT0026" x="6851" y="1136" width="389" height="430" frameX="0" frameY="0" frameWidth="390" frameHeight="430"/>
	<SubTexture name="BF NOTE RIGHT0027" x="6851" y="1136" width="389" height="430" frameX="0" frameY="0" frameWidth="390" frameHeight="430"/>
	<SubTexture name="BF NOTE RIGHT0028" x="6851" y="1136" width="389" height="430" frameX="0" frameY="0" frameWidth="390" frameHeight="430"/>
	<SubTexture name="BF NOTE RIGHT0029" x="6851" y="1136" width="389" height="430" frameX="0" frameY="0" frameWidth="390" frameHeight="430"/>
	<SubTexture name="BF NOTE RIGHT0030" x="6851" y="1136" width="389" height="430" frameX="0" frameY="0" frameWidth="390" frameHeight="430"/>
	<SubTexture name="BF NOTE RIGHT0031" x="6851" y="1136" width="389" height="430" frameX="0" frameY="0" frameWidth="390" frameHeight="430"/>
	<SubTexture name="BF NOTE RIGHT0032" x="6851" y="1136" width="389" height="430" frameX="0" frameY="0" frameWidth="390" frameHeight="430"/>
	<SubTexture name="BF NOTE RIGHT0033" x="6851" y="1136" width="389" height="430" frameX="0" frameY="0" frameWidth="390" frameHeight="430"/>
	<SubTexture name="BF NOTE RIGHT0034" x="6851" y="1136" width="389" height="430" frameX="0" frameY="0" frameWidth="390" frameHeight="430"/>
	<SubTexture name="BF NOTE RIGHT0035" x="6851" y="1136" width="389" height="430" frameX="0" frameY="0" frameWidth="390" frameHeight="430"/>
	<SubTexture name="BF NOTE RIGHT0036" x="6851" y="1136" width="389" height="430" frameX="0" frameY="0" frameWidth="390" frameHeight="430"/>
	<SubTexture name="BF NOTE RIGHT0037" x="6851" y="1136" width="389" height="430" frameX="0" frameY="0" frameWidth="390" frameHeight="430"/>
	<SubTexture name="BF NOTE RIGHT0038" x="6851" y="1136" width="389" height="430" frameX="0" frameY="0" frameWidth="390" frameHeight="430"/>
	<SubTexture name="BF NOTE RIGHT0039" x="6851" y="1136" width="389" height="430" frameX="0" frameY="0" frameWidth="390" frameHeight="430"/>
	<SubTexture name="BF NOTE RIGHT0040" x="6851" y="1136" width="389" height="430" frameX="0" frameY="0" frameWidth="390" frameHeight="430"/>
	<SubTexture name="BF NOTE RIGHT0041" x="6851" y="1136" width="389" height="430" frameX="0" frameY="0" frameWidth="390" frameHeight="430"/>
	<SubTexture name="BF NOTE RIGHT0042" x="6851" y="1136" width="389" height="430" frameX="0" frameY="0" frameWidth="390" frameHeight="430"/>
	<SubTexture name="BF NOTE RIGHT0043" x="6851" y="1136" width="389" height="430" frameX="0" frameY="0" frameWidth="390" frameHeight="430"/>
	<SubTexture name="BF NOTE RIGHT0044" x="6851" y="1136" width="389" height="430" frameX="0" frameY="0" frameWidth="390" frameHeight="430"/>
	<SubTexture name="BF NOTE RIGHT0045" x="6851" y="1136" width="389" height="430" frameX="0" frameY="0" frameWidth="390" frameHeight="430"/>
	<SubTexture name="BF NOTE RIGHT0046" x="6851" y="1136" width="389" height="430" frameX="0" frameY="0" frameWidth="390" frameHeight="430"/>
	<SubTexture name="BF NOTE RIGHT0047" x="6851" y="1136" width="389" height="430" frameX="0" frameY="0" frameWidth="390" frameHeight="430"/>
	<SubTexture name="BF NOTE RIGHT0048" x="6851" y="1136" width="389" height="430" frameX="0" frameY="0" frameWidth="390" frameHeight="430"/>
	<SubTexture name="BF NOTE RIGHT0049" x="6851" y="1136" width="389" height="430" frameX="0" frameY="0" frameWidth="390" frameHeight="430"/>
	<SubTexture name="BF NOTE RIGHT0050" x="6851" y="1136" width="389" height="430" frameX="0" frameY="0" frameWidth="390" frameHeight="430"/>
	<SubTexture name="BF NOTE RIGHT0051" x="6851" y="1136" width="389" height="430" frameX="0" frameY="0" frameWidth="390" frameHeight="430"/>
	<SubTexture name="BF NOTE RIGHT0052" x="6851" y="1136" width="389" height="430" frameX="0" frameY="0" frameWidth="390" frameHeight="430"/>
	<SubTexture name="BF NOTE RIGHT0053" x="6851" y="1136" width="389" height="430" frameX="0" frameY="0" frameWidth="390" frameHeight="430"/>
	<SubTexture name="BF NOTE RIGHT0054" x="6851" y="1136" width="389" height="430" frameX="0" frameY="0" frameWidth="390" frameHeight="430"/>
	<SubTexture name="BF NOTE RIGHT0055" x="6851" y="1136" width="389" height="430" frameX="0" frameY="0" frameWidth="390" frameHeight="430"/>
	<SubTexture name="BF NOTE RIGHT0056" x="6851" y="1136" width="389" height="430" frameX="0" frameY="0" frameWidth="390" frameHeight="430"/>
	<SubTexture name="BF NOTE RIGHT0057" x="6851" y="1136" width="389" height="430" frameX="0" frameY="0" frameWidth="390" frameHeight="430"/>
	<SubTexture name="BF NOTE RIGHT0058" x="6851" y="1136" width="389" height="430" frameX="0" frameY="0" frameWidth="390" frameHeight="430"/>
	<SubTexture name="BF NOTE RIGHT0059" x="6851" y="1136" width="389" height="430" frameX="0" frameY="0" frameWidth="390" frameHeight="430"/>
	<SubTexture name="BF NOTE RIGHT0060" x="6851" y="1136" width="389" height="430" frameX="0" frameY="0" frameWidth="390" frameHeight="430"/>
	<SubTexture name="BF NOTE RIGHT0061" x="6851" y="1136" width="389" height="430" frameX="0" frameY="0" frameWidth="390" frameHeight="430"/>
	<SubTexture name="BF NOTE RIGHT MISS0000" x="7290" y="1136" width="390" height="427" pivotX="-336" pivotY="218.55" frameX="-4" frameY="-3" frameWidth="394" frameHeight="430"/>
	<SubTexture name="BF NOTE RIGHT MISS0001" x="7290" y="1136" width="390" height="427" frameX="-4" frameY="-3" frameWidth="394" frameHeight="430"/>
	<SubTexture name="BF NOTE RIGHT MISS0002" x="7730" y="1136" width="387" height="430" frameX="0" frameY="0" frameWidth="394" frameHeight="430"/>
	<SubTexture name="BF NOTE RIGHT MISS0003" x="7730" y="1136" width="387" height="430" frameX="0" frameY="0" frameWidth="394" frameHeight="430"/>
	<SubTexture name="BF NOTE RIGHT MISS0004" x="50" y="1645" width="389" height="430" frameX="-4" frameY="0" frameWidth="394" frameHeight="430"/>
	<SubTexture name="BF NOTE RIGHT MISS0005" x="50" y="1645" width="389" height="430" frameX="-4" frameY="0" frameWidth="394" frameHeight="430"/>
	<SubTexture name="BF NOTE RIGHT MISS0006" x="50" y="1645" width="389" height="430" frameX="-4" frameY="0" frameWidth="394" frameHeight="430"/>
	<SubTexture name="BF NOTE RIGHT MISS0007" x="50" y="1645" width="389" height="430" frameX="-4" frameY="0" frameWidth="394" frameHeight="430"/>
	<SubTexture name="BF NOTE RIGHT MISS0008" x="50" y="1645" width="389" height="430" frameX="-4" frameY="0" frameWidth="394" frameHeight="430"/>
	<SubTexture name="BF NOTE RIGHT MISS0009" x="50" y="1645" width="389" height="430" frameX="-4" frameY="0" frameWidth="394" frameHeight="430"/>
	<SubTexture name="BF NOTE RIGHT MISS0010" x="50" y="1645" width="389" height="430" frameX="-4" frameY="0" frameWidth="394" frameHeight="430"/>
	<SubTexture name="BF NOTE RIGHT MISS0011" x="50" y="1645" width="389" height="430" frameX="-4" frameY="0" frameWidth="394" frameHeight="430"/>
	<SubTexture name="BF NOTE RIGHT MISS0012" x="50" y="1645" width="389" height="430" frameX="-4" frameY="0" frameWidth="394" frameHeight="430"/>
	<SubTexture name="BF NOTE RIGHT MISS0013" x="50" y="1645" width="389" height="430" frameX="-4" frameY="0" frameWidth="394" frameHeight="430"/>
	<SubTexture name="BF NOTE RIGHT MISS0014" x="50" y="1645" width="389" height="430" frameX="-4" frameY="0" frameWidth="394" frameHeight="430"/>
	<SubTexture name="BF NOTE RIGHT MISS0015" x="50" y="1645" width="389" height="430" frameX="-4" frameY="0" frameWidth="394" frameHeight="430"/>
	<SubTexture name="BF NOTE RIGHT MISS0016" x="50" y="1645" width="389" height="430" frameX="-4" frameY="0" frameWidth="394" frameHeight="430"/>
	<SubTexture name="BF NOTE RIGHT MISS0017" x="50" y="1645" width="389" height="430" frameX="-4" frameY="0" frameWidth="394" frameHeight="430"/>
	<SubTexture name="BF NOTE RIGHT MISS0018" x="50" y="1645" width="389" height="430" frameX="-4" frameY="0" frameWidth="394" frameHeight="430"/>
	<SubTexture name="BF NOTE RIGHT MISS0019" x="50" y="1645" width="389" height="430" frameX="-4" frameY="0" frameWidth="394" frameHeight="430"/>
	<SubTexture name="BF NOTE RIGHT MISS0020" x="50" y="1645" width="389" height="430" frameX="-4" frameY="0" frameWidth="394" frameHeight="430"/>
	<SubTexture name="BF NOTE RIGHT MISS0021" x="50" y="1645" width="389" height="430" frameX="-4" frameY="0" frameWidth="394" frameHeight="430"/>
	<SubTexture name="BF NOTE RIGHT MISS0022" x="50" y="1645" width="389" height="430" frameX="-4" frameY="0" frameWidth="394" frameHeight="430"/>
	<SubTexture name="BF NOTE RIGHT MISS0023" x="50" y="1645" width="389" height="430" frameX="-4" frameY="0" frameWidth="394" frameHeight="430"/>
	<SubTexture name="BF NOTE RIGHT MISS0024" x="50" y="1645" width="389" height="430" frameX="-4" frameY="0" frameWidth="394" frameHeight="430"/>
	<SubTexture name="BF NOTE RIGHT MISS0025" x="50" y="1645" width="389" height="430" frameX="-4" frameY="0" frameWidth="394" frameHeight="430"/>
	<SubTexture name="BF NOTE RIGHT MISS0026" x="50" y="1645" width="389" height="430" frameX="-4" frameY="0" frameWidth="394" frameHeight="430"/>
	<SubTexture name="BF NOTE RIGHT MISS0027" x="50" y="1645" width="389" height="430" frameX="-4" frameY="0" frameWidth="394" frameHeight="430"/>
	<SubTexture name="BF NOTE RIGHT MISS0028" x="50" y="1645" width="389" height="430" frameX="-4" frameY="0" frameWidth="394" frameHeight="430"/>
	<SubTexture name="BF NOTE RIGHT MISS0029" x="50" y="1645" width="389" height="430" frameX="-4" frameY="0" frameWidth="394" frameHeight="430"/>
	<SubTexture name="BF NOTE RIGHT MISS0030" x="50" y="1645" width="389" height="430" frameX="-4" frameY="0" frameWidth="394" frameHeight="430"/>
	<SubTexture name="BF NOTE RIGHT MISS0031" x="50" y="1645" width="389" height="430" frameX="-4" frameY="0" frameWidth="394" frameHeight="430"/>
	<SubTexture name="BF NOTE RIGHT MISS0032" x="50" y="1645" width="389" height="430" frameX="-4" frameY="0" frameWidth="394" frameHeight="430"/>
	<SubTexture name="BF NOTE RIGHT MISS0033" x="50" y="1645" width="389" height="430" frameX="-4" frameY="0" frameWidth="394" frameHeight="430"/>
	<SubTexture name="BF NOTE RIGHT MISS0034" x="50" y="1645" width="389" height="430" frameX="-4" frameY="0" frameWidth="394" frameHeight="430"/>
	<SubTexture name="BF NOTE RIGHT MISS0035" x="50" y="1645" width="389" height="430" frameX="-4" frameY="0" frameWidth="394" frameHeight="430"/>
	<SubTexture name="BF NOTE RIGHT MISS0036" x="50" y="1645" width="389" height="430" frameX="-4" frameY="0" frameWidth="394" frameHeight="430"/>
	<SubTexture name="BF NOTE RIGHT MISS0037" x="50" y="1645" width="389" height="430" frameX="-4" frameY="0" frameWidth="394" frameHeight="430"/>
	<SubTexture name="BF NOTE RIGHT MISS0038" x="50" y="1645" width="389" height="430" frameX="-4" frameY="0" frameWidth="394" frameHeight="430"/>
	<SubTexture name="BF NOTE RIGHT MISS0039" x="50" y="1645" width="389" height="430" frameX="-4" frameY="0" frameWidth="394" frameHeight="430"/>
	<SubTexture name="BF NOTE RIGHT MISS0040" x="50" y="1645" width="389" height="430" frameX="-4" frameY="0" frameWidth="394" frameHeight="430"/>
	<SubTexture name="BF NOTE RIGHT MISS0041" x="50" y="1645" width="389" height="430" frameX="-4" frameY="0" frameWidth="394" frameHeight="430"/>
	<SubTexture name="BF NOTE RIGHT MISS0042" x="50" y="1645" width="389" height="430" frameX="-4" frameY="0" frameWidth="394" frameHeight="430"/>
	<SubTexture name="BF NOTE RIGHT MISS0043" x="50" y="1645" width="389" height="430" frameX="-4" frameY="0" frameWidth="394" frameHeight="430"/>
	<SubTexture name="BF NOTE RIGHT MISS0044" x="50" y="1645" width="389" height="430" frameX="-4" frameY="0" frameWidth="394" frameHeight="430"/>
	<SubTexture name="BF NOTE RIGHT MISS0045" x="50" y="1645" width="389" height="430" frameX="-4" frameY="0" frameWidth="394" frameHeight="430"/>
	<SubTexture name="BF NOTE RIGHT MISS0046" x="50" y="1645" width="389" height="430" frameX="-4" frameY="0" frameWidth="394" frameHeight="430"/>
	<SubTexture name="BF NOTE RIGHT MISS0047" x="50" y="1645" width="389" height="430" frameX="-4" frameY="0" frameWidth="394" frameHeight="430"/>
	<SubTexture name="BF NOTE RIGHT MISS0048" x="50" y="1645" width="389" height="430" frameX="-4" frameY="0" frameWidth="394" frameHeight="430"/>
	<SubTexture name="BF NOTE RIGHT MISS0049" x="50" y="1645" width="389" height="430" frameX="-4" frameY="0" frameWidth="394" frameHeight="430"/>
	<SubTexture name="BF NOTE RIGHT MISS0050" x="50" y="1645" width="389" height="430" frameX="-4" frameY="0" frameWidth="394" frameHeight="430"/>
	<SubTexture name="BF NOTE RIGHT MISS0051" x="50" y="1645" width="389" height="430" frameX="-4" frameY="0" frameWidth="394" frameHeight="430"/>
	<SubTexture name="BF NOTE RIGHT MISS0052" x="50" y="1645" width="389" height="430" frameX="-4" frameY="0" frameWidth="394" frameHeight="430"/>
	<SubTexture name="BF NOTE RIGHT MISS0053" x="50" y="1645" width="389" height="430" frameX="-4" frameY="0" frameWidth="394" frameHeight="430"/>
	<SubTexture name="BF NOTE RIGHT MISS0054" x="50" y="1645" width="389" height="430" frameX="-4" frameY="0" frameWidth="394" frameHeight="430"/>
	<SubTexture name="BF NOTE RIGHT MISS0055" x="50" y="1645" width="389" height="430" frameX="-4" frameY="0" frameWidth="394" frameHeight="430"/>
	<SubTexture name="BF NOTE RIGHT MISS0056" x="50" y="1645" width="389" height="430" frameX="-4" frameY="0" frameWidth="394" frameHeight="430"/>
	<SubTexture name="BF NOTE RIGHT MISS0057" x="50" y="1645" width="389" height="430" frameX="-4" frameY="0" frameWidth="394" frameHeight="430"/>
	<SubTexture name="BF NOTE RIGHT MISS0058" x="50" y="1645" width="389" height="430" frameX="-4" frameY="0" frameWidth="394" frameHeight="430"/>
	<SubTexture name="BF NOTE RIGHT MISS0059" x="50" y="1645" width="389" height="430" frameX="-4" frameY="0" frameWidth="394" frameHeight="430"/>
	<SubTexture name="BF NOTE RIGHT MISS0060" x="50" y="1645" width="389" height="430" frameX="-4" frameY="0" frameWidth="394" frameHeight="430"/>
	<SubTexture name="BF NOTE RIGHT MISS0061" x="50" y="1645" width="389" height="430" frameX="-4" frameY="0" frameWidth="394" frameHeight="430"/>
	<SubTexture name="BF NOTE UP0000" x="489" y="1645" width="421" height="449" pivotX="4.05" pivotY="-33.3"/>
	<SubTexture name="BF NOTE UP0001" x="489" y="1645" width="421" height="449"/>
	<SubTexture name="BF NOTE UP0002" x="960" y="1645" width="415" height="449" frameX="0" frameY="0" frameWidth="421" frameHeight="449"/>
	<SubTexture name="BF NOTE UP0003" x="960" y="1645" width="415" height="449" frameX="0" frameY="0" frameWidth="421" frameHeight="449"/>
	<SubTexture name="BF NOTE UP0004" x="960" y="1645" width="415" height="449" frameX="0" frameY="0" frameWidth="421" frameHeight="449"/>
	<SubTexture name="BF NOTE UP0005" x="960" y="1645" width="415" height="449" frameX="0" frameY="0" frameWidth="421" frameHeight="449"/>
	<SubTexture name="BF NOTE UP0006" x="960" y="1645" width="415" height="449" frameX="0" frameY="0" frameWidth="421" frameHeight="449"/>
	<SubTexture name="BF NOTE UP0007" x="960" y="1645" width="415" height="449" frameX="0" frameY="0" frameWidth="421" frameHeight="449"/>
	<SubTexture name="BF NOTE UP0008" x="960" y="1645" width="415" height="449" frameX="0" frameY="0" frameWidth="421" frameHeight="449"/>
	<SubTexture name="BF NOTE UP0009" x="960" y="1645" width="415" height="449" frameX="0" frameY="0" frameWidth="421" frameHeight="449"/>
	<SubTexture name="BF NOTE UP0010" x="960" y="1645" width="415" height="449" frameX="0" frameY="0" frameWidth="421" frameHeight="449"/>
	<SubTexture name="BF NOTE UP0011" x="960" y="1645" width="415" height="449" frameX="0" frameY="0" frameWidth="421" frameHeight="449"/>
	<SubTexture name="BF NOTE UP0012" x="960" y="1645" width="415" height="449" frameX="0" frameY="0" frameWidth="421" frameHeight="449"/>
	<SubTexture name="BF NOTE UP0013" x="960" y="1645" width="415" height="449" frameX="0" frameY="0" frameWidth="421" frameHeight="449"/>
	<SubTexture name="BF NOTE UP0014" x="960" y="1645" width="415" height="449" frameX="0" frameY="0" frameWidth="421" frameHeight="449"/>
	<SubTexture name="BF NOTE UP MISS0000" x="1425" y="1645" width="421" height="449" pivotX="11.45" pivotY="-33.3" frameX="-7" frameY="0" frameWidth="429" frameHeight="449"/>
	<SubTexture name="BF NOTE UP MISS0001" x="1425" y="1645" width="421" height="449" frameX="-7" frameY="0" frameWidth="429" frameHeight="449"/>
	<SubTexture name="BF NOTE UP MISS0002" x="1896" y="1645" width="429" height="429" frameX="0" frameY="-20" frameWidth="429" frameHeight="449"/>
	<SubTexture name="BF NOTE UP MISS0003" x="1896" y="1645" width="429" height="429" frameX="0" frameY="-20" frameWidth="429" frameHeight="449"/>
	<SubTexture name="BF NOTE UP MISS0004" x="2375" y="1645" width="415" height="449" frameX="-7" frameY="0" frameWidth="429" frameHeight="449"/>
	<SubTexture name="BF NOTE UP MISS0005" x="2375" y="1645" width="415" height="449" frameX="-7" frameY="0" frameWidth="429" frameHeight="449"/>
	<SubTexture name="BF NOTE UP MISS0006" x="2375" y="1645" width="415" height="449" frameX="-7" frameY="0" frameWidth="429" frameHeight="449"/>
	<SubTexture name="BF NOTE UP MISS0007" x="2375" y="1645" width="415" height="449" frameX="-7" frameY="0" frameWidth="429" frameHeight="449"/>
	<SubTexture name="BF NOTE UP MISS0008" x="2375" y="1645" width="415" height="449" frameX="-7" frameY="0" frameWidth="429" frameHeight="449"/>
	<SubTexture name="BF NOTE UP MISS0009" x="2375" y="1645" width="415" height="449" frameX="-7" frameY="0" frameWidth="429" frameHeight="449"/>
	<SubTexture name="BF NOTE UP MISS0010" x="2375" y="1645" width="415" height="449" frameX="-7" frameY="0" frameWidth="429" frameHeight="449"/>
	<SubTexture name="BF NOTE UP MISS0011" x="2375" y="1645" width="415" height="449" frameX="-7" frameY="0" frameWidth="429" frameHeight="449"/>
	<SubTexture name="BF NOTE UP MISS0012" x="2375" y="1645" width="415" height="449" frameX="-7" frameY="0" frameWidth="429" frameHeight="449"/>
	<SubTexture name="BF NOTE UP MISS0013" x="2375" y="1645" width="415" height="449" frameX="-7" frameY="0" frameWidth="429" frameHeight="449"/>
	<SubTexture name="BF NOTE UP MISS0014" x="2375" y="1645" width="415" height="449" frameX="-7" frameY="0" frameWidth="429" frameHeight="449"/>
	<SubTexture name="BF dies0000" x="2840" y="1645" width="415" height="437" pivotX="-35.7" pivotY="-970.95" frameX="-1" frameY="0" frameWidth="429" frameHeight="472"/>
	<SubTexture name="BF dies0001" x="3305" y="1645" width="415" height="437" frameX="-1" frameY="0" frameWidth="429" frameHeight="472"/>
	<SubTexture name="BF dies0002" x="3770" y="1645" width="422" height="431" frameX="0" frameY="-9" frameWidth="429" frameHeight="472"/>
	<SubTexture name="BF dies0003" x="4242" y="1645" width="429" height="431" frameX="0" frameY="-9" frameWidth="429" frameHeight="472"/>
	<SubTexture name="BF dies0004" x="4721" y="1645" width="429" height="431" frameX="0" frameY="-9" frameWidth="429" frameHeight="472"/>
	<SubTexture name="BF dies0005" x="5200" y="1645" width="429" height="431" frameX="0" frameY="-9" frameWidth="429" frameHeight="472"/>
	<SubTexture name="BF dies0006" x="5679" y="1645" width="422" height="431" frameX="0" frameY="-9" frameWidth="429" frameHeight="472"/>
	<SubTexture name="BF dies0007" x="5679" y="1645" width="422" height="431" frameX="0" frameY="-9" frameWidth="429" frameHeight="472"/>
	<SubTexture name="BF dies0008" x="5679" y="1645" width="422" height="431" frameX="0" frameY="-9" frameWidth="429" frameHeight="472"/>
	<SubTexture name="BF dies0009" x="5679" y="1645" width="422" height="431" frameX="0" frameY="-9" frameWidth="429" frameHeight="472"/>
	<SubTexture name="BF dies0010" x="5679" y="1645" width="422" height="431" frameX="0" frameY="-9" frameWidth="429" frameHeight="472"/>
	<SubTexture name="BF dies0011" x="5679" y="1645" width="422" height="431" frameX="0" frameY="-9" frameWidth="429" frameHeight="472"/>
	<SubTexture name="BF dies0012" x="5679" y="1645" width="422" height="431" frameX="0" frameY="-9" frameWidth="429" frameHeight="472"/>
	<SubTexture name="BF dies0013" x="5679" y="1645" width="422" height="431" frameX="0" frameY="-9" frameWidth="429" frameHeight="472"/>
	<SubTexture name="BF dies0014" x="5679" y="1645" width="422" height="431" frameX="0" frameY="-9" frameWidth="429" frameHeight="472"/>
	<SubTexture name="BF dies0015" x="6151" y="1645" width="422" height="431" frameX="0" frameY="-9" frameWidth="429" frameHeight="472"/>
	<SubTexture name="BF dies0016" x="6151" y="1645" width="422" height="431" frameX="0" frameY="-9" frameWidth="429" frameHeight="472"/>
	<SubTexture name="BF dies0017" x="6151" y="1645" width="422" height="431" frameX="0" frameY="-9" frameWidth="429" frameHeight="472"/>
	<SubTexture name="BF dies0018" x="6623" y="1645" width="422" height="431" frameX="0" frameY="-9" frameWidth="429" frameHeight="472"/>
	<SubTexture name="BF dies0019" x="6623" y="1645" width="422" height="431" frameX="0" frameY="-9" frameWidth="429" frameHeight="472"/>
	<SubTexture name="BF dies0020" x="7095" y="1645" width="422" height="431" frameX="0" frameY="-9" frameWidth="429" frameHeight="472"/>
	<SubTexture name="BF dies0021" x="7095" y="1645" width="422" height="431" frameX="0" frameY="-9" frameWidth="429" frameHeight="472"/>
	<SubTexture name="BF dies0022" x="7567" y="1645" width="422" height="431" frameX="0" frameY="-9" frameWidth="429" frameHeight="472"/>
	<SubTexture name="BF dies0023" x="7567" y="1645" width="422" height="431" frameX="0" frameY="-9" frameWidth="429" frameHeight="472"/>
	<SubTexture name="BF dies0024" x="50" y="2144" width="422" height="431" frameX="0" frameY="-9" frameWidth="429" frameHeight="472"/>
	<SubTexture name="BF dies0025" x="522" y="2144" width="422" height="459" frameX="0" frameY="-9" frameWidth="429" frameHeight="472"/>
	<SubTexture name="BF dies0026" x="522" y="2144" width="422" height="459" frameX="0" frameY="-9" frameWidth="429" frameHeight="472"/>
	<SubTexture name="BF dies0027" x="994" y="2144" width="422" height="458" frameX="0" frameY="-9" frameWidth="429" frameHeight="472"/>
	<SubTexture name="BF dies0028" x="994" y="2144" width="422" height="458" frameX="0" frameY="-9" frameWidth="429" frameHeight="472"/>
	<SubTexture name="BF dies0029" x="1466" y="2144" width="422" height="462" frameX="0" frameY="-9" frameWidth="429" frameHeight="472"/>
	<SubTexture name="BF dies0030" x="1466" y="2144" width="422" height="462" frameX="0" frameY="-9" frameWidth="429" frameHeight="472"/>
	<SubTexture name="BF dies0031" x="1938" y="2144" width="422" height="463" frameX="0" frameY="-9" frameWidth="429" frameHeight="472"/>
	<SubTexture name="BF dies0032" x="1938" y="2144" width="422" height="463" frameX="0" frameY="-9" frameWidth="429" frameHeight="472"/>
	<SubTexture name="BF dies0033" x="2410" y="2144" width="422" height="463" frameX="0" frameY="-9" frameWidth="429" frameHeight="472"/>
	<SubTexture name="BF dies0034" x="2410" y="2144" width="422" height="463" frameX="0" frameY="-9" frameWidth="429" frameHeight="472"/>
	<SubTexture name="BF dies0035" x="2882" y="2144" width="422" height="463" frameX="0" frameY="-9" frameWidth="429" frameHeight="472"/>
	<SubTexture name="BF dies0036" x="3354" y="2144" width="422" height="463" frameX="0" frameY="-9" frameWidth="429" frameHeight="472"/>
	<SubTexture name="BF dies0037" x="3826" y="2144" width="422" height="463" frameX="0" frameY="-9" frameWidth="429" frameHeight="472"/>
	<SubTexture name="BF dies0038" x="4298" y="2144" width="422" height="463" frameX="0" frameY="-9" frameWidth="429" frameHeight="472"/>
	<SubTexture name="BF dies0039" x="4770" y="2144" width="422" height="463" frameX="0" frameY="-9" frameWidth="429" frameHeight="472"/>
	<SubTexture name="BF dies0040" x="5242" y="2144" width="422" height="463" frameX="0" frameY="-9" frameWidth="429" frameHeight="472"/>
	<SubTexture name="BF dies0041" x="5714" y="2144" width="422" height="463" frameX="0" frameY="-9" frameWidth="429" frameHeight="472"/>
	<SubTexture name="BF dies0042" x="6186" y="2144" width="422" height="463" frameX="0" frameY="-9" frameWidth="429" frameHeight="472"/>
	<SubTexture name="BF dies0043" x="6658" y="2144" width="422" height="463" frameX="0" frameY="-9" frameWidth="429" frameHeight="472"/>
	<SubTexture name="BF dies0044" x="7130" y="2144" width="422" height="463" frameX="0" frameY="-9" frameWidth="429" frameHeight="472"/>
	<SubTexture name="BF dies0045" x="7602" y="2144" width="422" height="463" frameX="0" frameY="-9" frameWidth="429" frameHeight="472"/>
	<SubTexture name="BF dies0046" x="50" y="2657" width="422" height="463" frameX="0" frameY="-9" frameWidth="429" frameHeight="472"/>
	<SubTexture name="BF dies0047" x="522" y="2657" width="422" height="463" frameX="0" frameY="-9" frameWidth="429" frameHeight="472"/>
	<SubTexture name="BF dies0048" x="994" y="2657" width="422" height="463" frameX="0" frameY="-9" frameWidth="429" frameHeight="472"/>
	<SubTexture name="BF dies0049" x="1466" y="2657" width="422" height="463" frameX="0" frameY="-9" frameWidth="429" frameHeight="472"/>
	<SubTexture name="BF dies0050" x="1938" y="2657" width="422" height="463" frameX="0" frameY="-9" frameWidth="429" frameHeight="472"/>
	<SubTexture name="BF dies0051" x="2410" y="2657" width="422" height="463" frameX="0" frameY="-9" frameWidth="429" frameHeight="472"/>
	<SubTexture name="BF dies0052" x="2882" y="2657" width="422" height="463" frameX="0" frameY="-9" frameWidth="429" frameHeight="472"/>
	<SubTexture name="BF dies0053" x="3354" y="2657" width="422" height="463" frameX="0" frameY="-9" frameWidth="429" frameHeight="472"/>
	<SubTexture name="BF dies0054" x="3354" y="2657" width="422" height="463" frameX="0" frameY="-9" frameWidth="429" frameHeight="472"/>
	<SubTexture name="BF dies0055" x="3354" y="2657" width="422" height="463" frameX="0" frameY="-9" frameWidth="429" frameHeight="472"/>
	<SubTexture name="BF dies0056" x="3354" y="2657" width="422" height="463" frameX="0" frameY="-9" frameWidth="429" frameHeight="472"/>
	<SubTexture name="BF dies0057" x="3354" y="2657" width="422" height="463" frameX="0" frameY="-9" frameWidth="429" frameHeight="472"/>
	<SubTexture name="BF idle dance0000" x="3826" y="2657" width="378" height="414" pivotX="-301.05" pivotY="225.1" frameX="-3" frameY="-22" frameWidth="387" frameHeight="436"/>
	<SubTexture name="BF idle dance0001" x="3826" y="2657" width="378" height="414" frameX="-3" frameY="-22" frameWidth="387" frameHeight="436"/>
	<SubTexture name="BF idle dance0002" x="4254" y="2657" width="381" height="416" frameX="-1" frameY="-20" frameWidth="387" frameHeight="436"/>
	<SubTexture name="BF idle dance0003" x="4254" y="2657" width="381" height="416" frameX="-1" frameY="-20" frameWidth="387" frameHeight="436"/>
	<SubTexture name="BF idle dance0004" x="4685" y="2657" width="380" height="421" frameX="-3" frameY="-15" frameWidth="387" frameHeight="436"/>
	<SubTexture name="BF idle dance0005" x="4685" y="2657" width="380" height="421" frameX="-3" frameY="-15" frameWidth="387" frameHeight="436"/>
	<SubTexture name="BF idle dance0006" x="5115" y="2657" width="387" height="434" frameX="0" frameY="-2" frameWidth="387" frameHeight="436"/>
	<SubTexture name="BF idle dance0007" x="5115" y="2657" width="387" height="434" frameX="0" frameY="-2" frameWidth="387" frameHeight="436"/>
	<SubTexture name="BF idle dance0008" x="5552" y="2657" width="386" height="436" frameX="-1" frameY="0" frameWidth="387" frameHeight="436"/>
	<SubTexture name="BF idle dance0009" x="5552" y="2657" width="386" height="436" frameX="-1" frameY="0" frameWidth="387" frameHeight="436"/>
	<SubTexture name="BF idle dance0010" x="5552" y="2657" width="386" height="436" frameX="-1" frameY="0" frameWidth="387" frameHeight="436"/>
	<SubTexture name="BF idle dance0011" x="5552" y="2657" width="386" height="436" frameX="-1" frameY="0" frameWidth="387" frameHeight="436"/>
	<SubTexture name="BF idle dance0012" x="5552" y="2657" width="386" height="436" frameX="-1" frameY="0" frameWidth="387" frameHeight="436"/>
	<SubTexture name="BF idle dance0013" x="5552" y="2657" width="386" height="436" frameX="-1" frameY="0" frameWidth="387" frameHeight="436"/>
	<SubTexture name="BF idle shaking0000" x="5988" y="2657" width="386" height="435" pivotX="-301.5" pivotY="225.6" frameX="-1" frameY="0" frameWidth="387" frameHeight="435"/>
	<SubTexture name="BF idle shaking0001" x="6424" y="2657" width="386" height="434" frameX="-1" frameY="-1" frameWidth="387" frameHeight="435"/>
	<SubTexture name="BF idle shaking0002" x="6860" y="2657" width="386" height="433" frameX="0" frameY="0" frameWidth="387" frameHeight="435"/>
	<SubTexture name="BF idle shaking0003" x="7296" y="2657" width="387" height="435"/>
</TextureAtlas>
